{"accuracy": [0.5730279684066772], "loss": [1.447320580482483], "val_accuracy": [0.8342248797416687], "val_loss": [0.5438846945762634]}